N,T.cal,T.star,x0,xx0,x,xx,x_,xx,x5,xx5,file
2357,38.8571428571429,39,60%,71%,1.04,0.8,2.6,2.75,6%,4%,cdnow.rdata
1000,25.8571428571429,8.57142857142857,79%,93%,0.34,0.08,1.62,1.18,1%,0%,dietary-draws.rdata
21166,182.285714285714,52.1428571428572,52%,81%,1.24,0.28,2.58,1.53,5%,1%,dmef_contest.rdata
831,39.1428571428571,12.8571428571429,46%,81%,1.9,0.38,3.53,2.04,12%,1%,m18.rdata
1000,23.7142857142857,8.57142857142857,71%,83%,0.9,0.32,3.11,1.89,6%,1%,office-draws.rdata
1525,52,52.1428571428572,39%,66%,3.65,2.22,5.96,6.56,27%,16%,online_grocery.rdata
